{"stats":{"minecraft:mined":{"minecraft:iron_ore":7,"minecraft:dark_oak_log":5,"minecraft:crafting_table":3,"minecraft:coal_ore":2,"minecraft:dead_bush":5,"minecraft:terracotta":9,"minecraft:stone":19},"minecraft:picked_up":{"minecraft:crafting_table":3,"minecraft:stick":7,"minecraft:raw_iron":7,"minecraft:dark_oak_boat":2,"minecraft:wooden_pickaxe":1,"minecraft:dark_oak_log":10,"minecraft:dark_oak_planks":6,"minecraft:stone_axe":1,"minecraft:stone_pickaxe":1,"minecraft:poppy":2,"minecraft:terracotta":9,"minecraft:coal":4,"minecraft:cobblestone":26},"minecraft:used":{"minecraft:stone_pickaxe":24,"minecraft:wooden_pickaxe":13,"minecraft:stone_axe":1,"minecraft:torch":4,"minecraft:terracotta":3,"minecraft:cobblestone":9,"minecraft:dark_oak_boat":1,"minecraft:crafting_table":2},"minecraft:crafted":{"minecraft:dark_oak_boat":1,"minecraft:crafting_table":1,"minecraft:stick":4,"minecraft:wooden_pickaxe":1,"minecraft:stone_pickaxe":1,"minecraft:dark_oak_planks":20,"minecraft:torch":4,"minecraft:stone_axe":1},"minecraft:killed_by":{"minecraft:iron_golem":1},"minecraft:custom":{"minecraft:time_since_rest":3427,"minecraft:sprint_one_cm":55112,"minecraft:damage_taken":648,"minecraft:walk_one_cm":29737,"minecraft:drop":2,"minecraft:damage_dealt":20,"minecraft:interact_with_crafting_table":4,"minecraft:fly_one_cm":86676,"minecraft:open_chest":1,"minecraft:crouch_one_cm":1116,"minecraft:play_time":13964,"minecraft:deaths":2,"minecraft:sneak_time":574,"minecraft:walk_under_water_one_cm":602,"minecraft:boat_one_cm":14279,"minecraft:jump":459,"minecraft:leave_game":1,"minecraft:time_since_death":3397,"minecraft:walk_on_water_one_cm":56,"minecraft:total_world_time":13964,"minecraft:fall_one_cm":16862},"minecraft:dropped":{"minecraft:poppy":2}},"DataVersion":3953}