{"stats":{"minecraft:picked_up":{"croptopia:toast":4,"minecraft:iron_chestplate":3,"minecraft:crafting_table":4,"croptopia:broccoli_seed":5,"minecraft:crimson_stem":13,"minecraft:andesite":1,"croptopia:broccoli":1,"minecraft:leather":8,"minecraft:dark_oak_boat":5,"minecraft:wooden_pickaxe":1,"minecraft:crimson_planks":52,"minecraft:golden_boots":1,"minecraft:nether_wart_block":58,"minecraft:shield":2,"minecraft:dirt":5,"minecraft:string":10,"minecraft:iron_axe":3,"minecraft:iron_leggings":2,"minecraft:cooked_mutton":3,"minecraft:apple":10,"minecraft:wheat_seeds":10,"minecraft:beef":4,"minecraft:iron_ingot":17,"minecraft:stone_pickaxe":3,"minecraft:poppy":2,"minecraft:iron_pickaxe":2,"minecraft:chest":3,"minecraft:iron_sword":7,"minecraft:oak_planks":5,"minecraft:iron_boots":2,"minecraft:stick":12,"minecraft:raw_iron":36,"minecraft:cooked_porkchop":9,"minecraft:porkchop":11,"croptopia:oat":1,"minecraft:music_disc_pigstep":1,"minecraft:diorite":1,"minecraft:dark_oak_log":13,"minecraft:spider_eye":2,"minecraft:dark_oak_planks":10,"minecraft:weeping_vines":4,"minecraft:stone_axe":4,"minecraft:iron_helmet":2,"minecraft:bread":7,"minecraft:terracotta":15,"minecraft:oak_sapling":2,"minecraft:crimson_roots":1,"minecraft:mutton":18,"minecraft:coal":30,"minecraft:white_wool":12,"minecraft:cobblestone":73},"minecraft:used":{"minecraft:diorite":1,"minecraft:stone_pickaxe":97,"minecraft:shield":4,"minecraft:chest":5,"minecraft:wooden_pickaxe":17,"minecraft:iron_sword":34,"minecraft:white_wool":2,"minecraft:torch":8,"minecraft:terracotta":9,"minecraft:crafting_table":5,"croptopia:broccoli":1,"minecraft:white_bed":1,"minecraft:iron_axe":108,"travelersbackpack:white_sleeping_bag":1,"minecraft:nether_wart_block":54,"minecraft:stone_axe":20,"croptopia:toast":6,"minecraft:cobblestone":36,"minecraft:dark_oak_boat":1,"minecraft:furnace":2,"minecraft:cooked_porkchop":5,"minecraft:andesite":1,"minecraft:iron_leggings":1},"minecraft:crafted":{"minecraft:cooked_beef":4,"minecraft:crimson_planks":52,"minecraft:oak_planks":20,"minecraft:cooked_porkchop":8,"minecraft:dark_oak_boat":1,"minecraft:crafting_table":3,"minecraft:iron_helmet":1,"minecraft:wooden_pickaxe":1,"minecraft:iron_sword":1,"minecraft:furnace":2,"croptopia:toast":8,"minecraft:stone_axe":1,"minecraft:cooked_mutton":18,"minecraft:air":0,"travelersbackpack:white_sleeping_bag":1,"minecraft:iron_boots":1,"minecraft:iron_chestplate":1,"minecraft:shield":1,"minecraft:stick":12,"minecraft:iron_ingot":13,"minecraft:iron_pickaxe":1,"minecraft:stone_pickaxe":2,"minecraft:chest":2,"minecraft:iron_leggings":1,"minecraft:white_bed":1,"minecraft:dark_oak_planks":32,"minecraft:torch":8,"minecraft:golden_boots":2},"minecraft:killed":{"minecraft:pig":5,"minecraft:sheep":10,"minecraft:cow":3},"minecraft:dropped":{"minecraft:iron_sword":3,"croptopia:oat":1,"minecraft:wheat_seeds":9,"croptopia:toast":1,"minecraft:cooked_beef":4,"minecraft:weeping_vines":4,"minecraft:leather":4,"minecraft:poppy":2,"minecraft:dirt":4,"minecraft:crimson_roots":1,"croptopia:broccoli_seed":4,"minecraft:oak_sapling":2,"minecraft:spider_eye":2,"minecraft:stone_pickaxe":1,"minecraft:string":8},"minecraft:mined":{"minecraft:dark_oak_log":8,"minecraft:crafting_table":4,"minecraft:short_grass":19,"minecraft:crimson_roots":1,"minecraft:chest":2,"minecraft:dead_bush":5,"minecraft:weeping_vines":1,"minecraft:tall_grass":1,"minecraft:diorite":1,"minecraft:crimson_stem":13,"minecraft:nether_wart_block":92,"minecraft:iron_ore":22,"minecraft:andesite":1,"minecraft:coal_ore":16,"minecraft:terracotta":9,"minecraft:stone":65},"minecraft:killed_by":{"minecraft:piglin":1,"minecraft:player":1,"minecraft:skeleton":1,"minecraft:iron_golem":1},"minecraft:custom":{"minecraft:interact_with_furnace":36,"minecraft:mob_kills":18,"minecraft:interact_with_crafting_table":14,"minecraft:leave_game":2,"minecraft:time_since_death":1514,"minecraft:sleep_in_bed":4,"minecraft:climb_one_cm":72,"minecraft:time_since_rest":253,"minecraft:sprint_one_cm":117571,"minecraft:damage_taken":2299,"minecraft:walk_one_cm":123851,"minecraft:damage_blocked_by_shield":305,"minecraft:drop":46,"minecraft:damage_dealt":1994,"minecraft:swim_one_cm":7680,"minecraft:fly_one_cm":204016,"minecraft:open_chest":11,"minecraft:crouch_one_cm":6263,"minecraft:play_time":48820,"minecraft:deaths":5,"minecraft:sneak_time":2899,"minecraft:walk_under_water_one_cm":7058,"minecraft:boat_one_cm":14279,"minecraft:jump":1270,"minecraft:walk_on_water_one_cm":9129,"minecraft:total_world_time":48820,"minecraft:fall_one_cm":38769}},"DataVersion":3953}