{"stats":{"minecraft:picked_up":{"minecraft:raw_iron":7,"minecraft:stick":7,"minecraft:crafting_table":3,"minecraft:dark_oak_boat":2,"minecraft:wooden_pickaxe":1,"minecraft:dark_oak_log":10,"minecraft:dark_oak_planks":6,"minecraft:stone_axe":1,"minecraft:stone_pickaxe":1,"minecraft:poppy":2,"minecraft:terracotta":9,"minecraft:coal":4,"minecraft:cobblestone":26},"minecraft:crafted":{"minecraft:dark_oak_boat":1,"minecraft:crafting_table":1,"minecraft:stick":8,"minecraft:wooden_pickaxe":1,"minecraft:stone_pickaxe":1,"minecraft:dark_oak_planks":20,"minecraft:torch":8,"minecraft:stone_axe":1},"minecraft:used":{"minecraft:stone_pickaxe":24,"minecraft:wooden_pickaxe":13,"minecraft:stone_axe":1,"minecraft:torch":6,"minecraft:cobblestone":9,"minecraft:terracotta":3,"minecraft:dark_oak_boat":1,"minecraft:crafting_table":2},"minecraft:dropped":{"minecraft:poppy":2,"minecraft:stone_pickaxe":1},"minecraft:mined":{"minecraft:iron_ore":7,"minecraft:dark_oak_log":5,"minecraft:crafting_table":3,"minecraft:coal_ore":2,"minecraft:dead_bush":5,"minecraft:terracotta":9,"minecraft:stone":19},"minecraft:killed_by":{"minecraft:iron_golem":1},"minecraft:custom":{"minecraft:time_since_rest":6368,"minecraft:sprint_one_cm":56196,"minecraft:damage_taken":708,"minecraft:walk_one_cm":32594,"minecraft:drop":3,"minecraft:damage_dealt":32,"minecraft:swim_one_cm":6483,"minecraft:interact_with_crafting_table":4,"minecraft:fly_one_cm":90863,"minecraft:open_chest":1,"minecraft:crouch_one_cm":1116,"minecraft:play_time":16905,"minecraft:deaths":2,"minecraft:sneak_time":1522,"minecraft:walk_under_water_one_cm":3494,"minecraft:boat_one_cm":14279,"minecraft:jump":491,"minecraft:leave_game":1,"minecraft:walk_on_water_one_cm":3596,"minecraft:time_since_death":6338,"minecraft:total_world_time":16905,"minecraft:fall_one_cm":16862}},"DataVersion":3953}