{"stats":{"minecraft:picked_up":{"minecraft:crafting_table":4,"minecraft:andesite":1,"minecraft:leather":4,"minecraft:dark_oak_boat":3,"minecraft:wooden_pickaxe":1,"minecraft:dirt":1,"minecraft:string":4,"minecraft:wheat_seeds":3,"minecraft:beef":4,"minecraft:iron_ingot":17,"minecraft:stone_pickaxe":2,"minecraft:poppy":2,"minecraft:chest":2,"minecraft:oak_planks":4,"minecraft:stick":9,"minecraft:raw_iron":36,"minecraft:porkchop":11,"minecraft:diorite":1,"minecraft:dark_oak_log":13,"minecraft:spider_eye":2,"minecraft:dark_oak_planks":10,"minecraft:stone_axe":2,"minecraft:bread":7,"minecraft:terracotta":15,"minecraft:oak_sapling":2,"minecraft:mutton":18,"minecraft:coal":30,"minecraft:white_wool":10,"minecraft:cobblestone":73},"minecraft:crafted":{"minecraft:cooked_porkchop":8,"minecraft:dark_oak_boat":1,"minecraft:crafting_table":3,"minecraft:wooden_pickaxe":1,"minecraft:iron_sword":1,"minecraft:furnace":2,"croptopia:toast":7,"minecraft:stone_axe":1,"minecraft:cooked_mutton":3,"minecraft:air":0,"travelersbackpack:white_sleeping_bag":1,"minecraft:iron_boots":1,"minecraft:iron_chestplate":1,"minecraft:stick":12,"minecraft:iron_ingot":13,"minecraft:iron_pickaxe":1,"minecraft:stone_pickaxe":2,"minecraft:white_bed":1,"minecraft:dark_oak_planks":32,"minecraft:torch":8},"minecraft:used":{"minecraft:diorite":1,"minecraft:stone_pickaxe":97,"minecraft:chest":2,"minecraft:wooden_pickaxe":17,"minecraft:iron_sword":25,"minecraft:white_wool":2,"minecraft:torch":8,"minecraft:terracotta":9,"minecraft:crafting_table":5,"minecraft:white_bed":1,"travelersbackpack:white_sleeping_bag":1,"minecraft:stone_axe":18,"croptopia:toast":1,"minecraft:cobblestone":36,"minecraft:dark_oak_boat":1,"minecraft:furnace":2,"minecraft:cooked_porkchop":2,"minecraft:andesite":1},"minecraft:killed":{"minecraft:pig":5,"minecraft:sheep":10,"minecraft:cow":3},"minecraft:dropped":{"minecraft:wheat_seeds":2,"minecraft:poppy":2,"minecraft:oak_sapling":2,"minecraft:spider_eye":2,"minecraft:stone_pickaxe":1,"minecraft:string":2},"minecraft:mined":{"minecraft:dark_oak_log":8,"minecraft:crafting_table":4,"minecraft:short_grass":10,"minecraft:chest":1,"minecraft:dead_bush":5,"minecraft:tall_grass":1,"minecraft:diorite":1,"minecraft:iron_ore":22,"minecraft:andesite":1,"minecraft:coal_ore":16,"minecraft:terracotta":9,"minecraft:stone":65},"minecraft:killed_by":{"minecraft:skeleton":1,"minecraft:iron_golem":1},"minecraft:custom":{"minecraft:interact_with_furnace":27,"minecraft:mob_kills":18,"minecraft:interact_with_crafting_table":10,"minecraft:leave_game":1,"minecraft:time_since_death":14134,"minecraft:sleep_in_bed":2,"minecraft:time_since_rest":2493,"minecraft:sprint_one_cm":84967,"minecraft:damage_taken":1210,"minecraft:walk_one_cm":83766,"minecraft:drop":11,"minecraft:damage_dealt":1704,"minecraft:swim_one_cm":7680,"minecraft:fly_one_cm":152268,"minecraft:open_chest":2,"minecraft:crouch_one_cm":5248,"minecraft:play_time":34905,"minecraft:deaths":3,"minecraft:sneak_time":2462,"minecraft:walk_under_water_one_cm":7058,"minecraft:boat_one_cm":14279,"minecraft:jump":963,"minecraft:walk_on_water_one_cm":9129,"minecraft:total_world_time":34905,"minecraft:fall_one_cm":29433}},"DataVersion":3953}