{"stats":{"minecraft:custom":{"minecraft:mob_kills":19,"minecraft:interact_with_crafting_table":11,"minecraft:leave_game":2,"minecraft:time_since_death":9912,"minecraft:climb_one_cm":52,"minecraft:sprint_one_cm":233568,"minecraft:walk_one_cm":218731,"minecraft:drop":19,"minecraft:talked_to_villager":3,"minecraft:play_time":101641,"minecraft:deaths":7,"minecraft:sneak_time":2365,"minecraft:walk_under_water_one_cm":9425,"minecraft:boat_one_cm":56394,"minecraft:jump":1975,"minecraft:walk_on_water_one_cm":12840,"minecraft:total_world_time":101641,"minecraft:interact_with_furnace":16,"minecraft:sleep_in_bed":1,"minecraft:time_since_rest":9954,"minecraft:damage_taken":3013,"minecraft:damage_dealt":3470,"minecraft:swim_one_cm":38426,"minecraft:fly_one_cm":345636,"minecraft:open_chest":41,"minecraft:crouch_one_cm":6835,"minecraft:fall_one_cm":54401},"minecraft:picked_up":{"minecraft:crafting_table":7,"minecraft:iron_chestplate":2,"minecraft:wheat":2,"minecraft:chest_minecart":1,"minecraft:lead":2,"minecraft:gold_block":2,"minecraft:gilded_blackstone":3,"minecraft:string":8,"minecraft:iron_axe":3,"minecraft:cooked_salmon":4,"croptopia:pear":8,"minecraft:cracked_stone_bricks":1,"minecraft:bucket":1,"minecraft:iron_nugget":22,"minecraft:poppy":2,"minecraft:iron_pickaxe":3,"minecraft:sugar_cane":16,"minecraft:chest":2,"minecraft:furnace":4,"minecraft:iron_boots":2,"minecraft:stick":11,"minecraft:raw_iron":10,"minecraft:torch":37,"minecraft:green_bed":2,"minecraft:golden_chestplate":1,"minecraft:dark_oak_planks":130,"croptopia:grape":2,"minecraft:cactus":9,"minecraft:armadillo_scute":2,"minecraft:saddle":1,"minecraft:gold_ingot":10,"minecraft:obsidian":7,"minecraft:rail":6,"minecraft:cobblestone":67,"minecraft:magma_block":2,"minecraft:salmon":6,"minecraft:golden_leggings":1,"minecraft:leather":2,"minecraft:dark_oak_boat":1,"minecraft:flint":1,"minecraft:oak_log":1,"minecraft:golden_boots":3,"minecraft:nether_wart_block":2,"minecraft:gunpowder":17,"travelersbackpack:gold_tier_upgrade":1,"minecraft:name_tag":2,"minecraft:orange_terracotta":2,"minecraft:bone":13,"minecraft:apple":5,"minecraft:red_sandstone":1,"minecraft:raw_gold":5,"minecraft:iron_ingot":3,"croptopia:roe":12,"minecraft:iron_sword":2,"minecraft:book":1,"croptopia:apricot":7,"minecraft:music_disc_13":1,"croptopia:plum":2,"croptopia:starfruit":4,"minecraft:gravel":10,"minecraft:sand":2,"minecraft:dark_oak_log":20,"minecraft:spider_eye":1,"minecraft:cut_red_sandstone":1,"croptopia:orange":6,"minecraft:golden_apple":3,"minecraft:terracotta":1,"minecraft:coal":98},"minecraft:crafted":{"minecraft:dark_oak_boat":1,"minecraft:furnace":1,"minecraft:flint_and_steel":1,"minecraft:iron_boots":1,"minecraft:iron_axe":1,"minecraft:chest":4,"minecraft:dark_oak_planks":80,"minecraft:crafting_table":1,"minecraft:baked_potato":3,"minecraft:iron_sword":1,"minecraft:cooked_salmon":6,"minecraft:air":0,"minecraft:bread":8,"minecraft:iron_chestplate":1,"minecraft:iron_pickaxe":1,"minecraft:iron_ingot":28,"minecraft:gold_ingot":23},"minecraft:killed_by":{"minecraft:piglin_brute":1,"minecraft:piglin":5,"minecraft:skeleton":1},"minecraft:used":{"minecraft:flint_and_steel":1,"croptopia:starfruit":4,"minecraft:chest":6,"minecraft:iron_sword":38,"minecraft:cooked_salmon":6,"minecraft:iron_chestplate":1,"minecraft:torch":1,"minecraft:golden_chestplate":2,"minecraft:obsidian":2,"minecraft:dark_oak_planks":14,"minecraft:lava_bucket":3,"minecraft:iron_axe":63,"minecraft:iron_boots":1,"minecraft:dark_oak_boat":1,"minecraft:furnace":3,"croptopia:pear":8,"minecraft:golden_axe":2,"minecraft:golden_boots":2,"minecraft:water_bucket":19,"minecraft:baked_potato":3,"croptopia:apricot":1,"minecraft:green_bed":1,"minecraft:glow_berries":10,"minecraft:sand":2,"minecraft:terracotta":1,"minecraft:crafting_table":7,"croptopia:orange":6,"minecraft:oak_log":1,"croptopia:plum":2,"minecraft:bread":10,"minecraft:iron_pickaxe":109,"minecraft:golden_leggings":1,"minecraft:nether_wart_block":2,"minecraft:cobblestone":38,"minecraft:cooked_porkchop":1,"minecraft:bucket":23},"minecraft:killed":{"minecraft:armadillo":1,"minecraft:cave_spider":3,"minecraft:piglin":3,"minecraft:salmon":6,"minecraft:iron_golem":1,"minecraft:creeper":1,"minecraft:zombie":4},"minecraft:dropped":{"minecraft:golden_boots":2,"minecraft:chest_minecart":1,"minecraft:cracked_stone_bricks":1,"minecraft:activator_rail":3,"croptopia:grape":1,"croptopia:apricot":6,"minecraft:cobweb":5,"minecraft:gilded_blackstone":3,"minecraft:armadillo_scute":1,"minecraft:gravel":10,"minecraft:iron_nugget":33,"minecraft:wheat":2,"minecraft:iron_boots":1,"minecraft:poppy":2,"minecraft:spider_eye":1},"minecraft:mined":{"minecraft:dark_oak_planks":4,"croptopia:orange_crop":6,"croptopia:grape_crop":1,"minecraft:dark_oak_log":20,"minecraft:spawner":3,"minecraft:magma_block":2,"minecraft:furnace":3,"minecraft:red_sandstone":1,"minecraft:iron_ore":10,"minecraft:gold_block":2,"minecraft:cave_vines":4,"minecraft:stone":30,"minecraft:green_bed":1,"croptopia:starfruit_crop":4,"minecraft:orange_terracotta":3,"minecraft:crafting_table":5,"minecraft:short_grass":1,"minecraft:chest":2,"minecraft:dead_bush":5,"minecraft:cobblestone":16,"minecraft:sugar_cane":5,"minecraft:cactus":2,"minecraft:red_terracotta":3,"minecraft:nether_wart_block":2,"croptopia:plum_crop":2,"croptopia:pear_crop":8,"croptopia:apricot_crop":8,"minecraft:coal_ore":24,"minecraft:oak_log":1,"minecraft:gravel":29,"minecraft:sand":2,"minecraft:cracked_stone_bricks":1,"minecraft:terracotta":2,"minecraft:cut_red_sandstone":1,"minecraft:netherrack":1,"minecraft:gold_ore":5}},"DataVersion":3953}