{"stats":{"minecraft:custom":{"minecraft:interact_with_furnace":16,"minecraft:mob_kills":16,"minecraft:interact_with_crafting_table":10,"minecraft:leave_game":1,"minecraft:time_since_death":787,"minecraft:sleep_in_bed":1,"minecraft:time_since_rest":830,"minecraft:sprint_one_cm":212716,"minecraft:damage_taken":1648,"minecraft:walk_one_cm":186096,"minecraft:drop":10,"minecraft:damage_dealt":2938,"minecraft:swim_one_cm":38426,"minecraft:talked_to_villager":3,"minecraft:fly_one_cm":286285,"minecraft:open_chest":18,"minecraft:crouch_one_cm":4237,"minecraft:play_time":84460,"minecraft:deaths":3,"minecraft:sneak_time":1361,"minecraft:walk_under_water_one_cm":9425,"minecraft:boat_one_cm":56394,"minecraft:jump":1725,"minecraft:walk_on_water_one_cm":12840,"minecraft:total_world_time":84460,"minecraft:fall_one_cm":48160},"minecraft:picked_up":{"minecraft:magma_block":2,"minecraft:iron_chestplate":1,"minecraft:crafting_table":6,"minecraft:wheat":2,"minecraft:chest_minecart":1,"minecraft:salmon":6,"minecraft:dark_oak_boat":1,"minecraft:lead":2,"minecraft:gold_block":2,"minecraft:flint":1,"minecraft:oak_log":1,"minecraft:gunpowder":17,"travelersbackpack:gold_tier_upgrade":1,"minecraft:string":8,"minecraft:iron_axe":2,"minecraft:cooked_salmon":4,"minecraft:name_tag":2,"minecraft:orange_terracotta":2,"croptopia:pear":8,"minecraft:bone":13,"minecraft:apple":5,"minecraft:cracked_stone_bricks":1,"minecraft:red_sandstone":1,"minecraft:bucket":1,"minecraft:raw_gold":5,"minecraft:iron_ingot":3,"minecraft:poppy":2,"minecraft:iron_pickaxe":2,"croptopia:roe":12,"minecraft:sugar_cane":16,"minecraft:iron_sword":1,"minecraft:iron_boots":1,"minecraft:furnace":4,"minecraft:book":1,"minecraft:stick":11,"minecraft:raw_iron":10,"croptopia:apricot":7,"minecraft:music_disc_13":1,"croptopia:plum":2,"croptopia:starfruit":4,"minecraft:gravel":10,"minecraft:torch":13,"minecraft:green_bed":2,"minecraft:sand":2,"minecraft:dark_oak_log":20,"minecraft:spider_eye":1,"minecraft:dark_oak_planks":127,"minecraft:cut_red_sandstone":1,"croptopia:grape":1,"minecraft:cactus":9,"croptopia:orange":6,"minecraft:armadillo_scute":2,"minecraft:golden_apple":3,"minecraft:gold_ingot":10,"minecraft:saddle":1,"minecraft:terracotta":1,"minecraft:obsidian":7,"minecraft:coal":98,"minecraft:rail":6,"minecraft:cobblestone":59},"minecraft:crafted":{"minecraft:dark_oak_boat":1,"minecraft:crafting_table":1,"minecraft:baked_potato":3,"minecraft:iron_sword":1,"minecraft:furnace":1,"minecraft:cooked_salmon":6,"minecraft:flint_and_steel":1,"minecraft:bread":8,"minecraft:air":0,"minecraft:iron_boots":1,"minecraft:iron_chestplate":1,"minecraft:iron_axe":1,"minecraft:iron_ingot":10,"minecraft:iron_pickaxe":1,"minecraft:chest":2,"minecraft:gold_ingot":23,"minecraft:dark_oak_planks":80},"minecraft:killed_by":{"minecraft:piglin":1,"minecraft:piglin_brute":1,"minecraft:skeleton":1},"minecraft:used":{"minecraft:golden_boots":1,"minecraft:water_bucket":19,"minecraft:flint_and_steel":1,"minecraft:baked_potato":3,"minecraft:chest":2,"croptopia:starfruit":4,"croptopia:apricot":1,"minecraft:iron_sword":30,"minecraft:green_bed":1,"minecraft:cooked_salmon":6,"minecraft:iron_chestplate":1,"minecraft:torch":1,"minecraft:glow_berries":10,"minecraft:sand":2,"minecraft:terracotta":1,"minecraft:crafting_table":6,"croptopia:orange":6,"minecraft:obsidian":2,"minecraft:oak_log":1,"croptopia:plum":2,"minecraft:dark_oak_planks":9,"minecraft:lava_bucket":3,"minecraft:iron_axe":60,"minecraft:bread":10,"minecraft:iron_pickaxe":109,"minecraft:iron_boots":1,"minecraft:cobblestone":30,"minecraft:dark_oak_boat":1,"minecraft:furnace":3,"minecraft:bucket":23,"croptopia:pear":8},"minecraft:killed":{"minecraft:armadillo":1,"minecraft:cave_spider":3,"minecraft:salmon":6,"minecraft:iron_golem":1,"minecraft:creeper":1,"minecraft:zombie":4},"minecraft:dropped":{"minecraft:gravel":10,"minecraft:wheat":2,"minecraft:chest_minecart":1,"minecraft:cracked_stone_bricks":1,"minecraft:activator_rail":3,"croptopia:apricot":6,"minecraft:cobweb":5,"minecraft:poppy":2,"minecraft:spider_eye":1},"minecraft:mined":{"minecraft:dark_oak_planks":2,"croptopia:starfruit_crop":4,"croptopia:orange_crop":6,"croptopia:grape_crop":1,"minecraft:orange_terracotta":3,"minecraft:dark_oak_log":20,"minecraft:crafting_table":4,"minecraft:dead_bush":5,"minecraft:cobblestone":16,"minecraft:sugar_cane":5,"minecraft:spawner":3,"minecraft:red_terracotta":3,"minecraft:cactus":2,"minecraft:magma_block":2,"minecraft:nether_wart_block":1,"minecraft:furnace":3,"croptopia:plum_crop":2,"minecraft:red_sandstone":1,"minecraft:iron_ore":10,"croptopia:pear_crop":8,"minecraft:gold_block":2,"croptopia:apricot_crop":8,"minecraft:oak_log":1,"minecraft:coal_ore":24,"minecraft:cave_vines":4,"minecraft:gravel":29,"minecraft:sand":2,"minecraft:cracked_stone_bricks":1,"minecraft:terracotta":2,"minecraft:cut_red_sandstone":1,"minecraft:stone":30,"minecraft:netherrack":1,"minecraft:gold_ore":5,"minecraft:green_bed":1}},"DataVersion":3953}