{"stats":{"minecraft:dropped":{"minecraft:golden_boots":2,"minecraft:iron_ingot":17,"minecraft:bread":7,"minecraft:iron_sword":4,"minecraft:wheat_seeds":10,"minecraft:golden_helmet":1,"minecraft:crafting_table":1,"minecraft:yellow_terracotta":2,"minecraft:chest_minecart":1,"minecraft:apple":5,"minecraft:cracked_stone_bricks":1,"minecraft:activator_rail":3,"croptopia:grape":1,"minecraft:brown_banner":1,"croptopia:ginger_seed":2,"minecraft:coal":12,"croptopia:apricot":6,"minecraft:stick":6,"minecraft:cobweb":5,"minecraft:dirt":2,"minecraft:gilded_blackstone":3,"minecraft:armadillo_scute":1,"minecraft:white_banner":2,"minecraft:iron_axe":1,"minecraft:string":2374,"minecraft:dark_oak_planks":17,"minecraft:white_wool":4,"minecraft:dandelion":1,"minecraft:bone":16,"minecraft:gravel":10,"croptopia:oat":1,"minecraft:iron_nugget":33,"minecraft:golden_chestplate":2,"croptopia:ginger":1,"minecraft:wheat":2,"croptopia:oat_seed":2,"minecraft:oak_planks":6,"minecraft:iron_boots":1,"minecraft:poppy":2,"croptopia:broccoli":1,"minecraft:iron_chestplate":1,"croptopia:broccoli_seed":4,"minecraft:acacia_sapling":10,"minecraft:spider_eye":1},"minecraft:killed":{"minecraft:armadillo":1,"minecraft:cave_spider":3,"minecraft:spider":3,"minecraft:skeleton":7,"minecraft:piglin":6,"minecraft:zombie_villager":1,"minecraft:salmon":6,"minecraft:iron_golem":2,"minecraft:hoglin":1,"minecraft:creeper":1,"minecraft:pillager":9,"minecraft:zombie":36,"minecraft:player":1},"minecraft:picked_up":{"croptopia:toast":10,"minecraft:iron_chestplate":4,"minecraft:crafting_table":11,"minecraft:wheat":2,"minecraft:ominous_bottle":2,"minecraft:diamond_sword":1,"minecraft:chest_minecart":1,"morevanillashields:obsidian_shield":3,"croptopia:broccoli":2,"minecraft:lead":6,"minecraft:gold_block":2,"minecraft:gilded_blackstone":3,"minecraft:oak_trapdoor":4,"minecraft:string":5199,"minecraft:acacia_door":1,"minecraft:iron_axe":5,"minecraft:cooked_salmon":4,"minecraft:flint_and_steel":2,"minecraft:iron_leggings":1,"minecraft:iron_shovel":1,"croptopia:pear":8,"minecraft:cracked_stone_bricks":1,"minecraft:bucket":1,"minecraft:iron_nugget":22,"minecraft:netherite_upgrade_smithing_template":4,"minecraft:poppy":2,"minecraft:iron_pickaxe":3,"minecraft:melon_slice":3,"minecraft:sugar_cane":16,"minecraft:chest":3,"minecraft:furnace":6,"minecraft:iron_boots":4,"minecraft:stick":24,"minecraft:raw_iron":10,"minecraft:acacia_log":41,"minecraft:torch":62,"minecraft:green_bed":5,"minecraft:porkchop":2,"croptopia:ginger_seed":2,"minecraft:music_disc_pigstep":3,"minecraft:golden_chestplate":2,"minecraft:dark_oak_planks":164,"croptopia:grape":2,"minecraft:arrow":126,"minecraft:cactus":9,"minecraft:rotten_flesh":21,"minecraft:diamond_chestplate":1,"minecraft:armadillo_scute":2,"minecraft:yellow_terracotta":2,"minecraft:saddle":3,"minecraft:gold_ingot":98,"minecraft:obsidian":79,"minecraft:bone_block":10,"minecraft:rail":6,"minecraft:white_wool":2,"minecraft:cobblestone":68,"minecraft:magma_block":2,"minecraft:cooked_beef":7,"minecraft:magma_cream":54,"minecraft:golden_carrot":2,"croptopia:broccoli_seed":3,"minecraft:water_bucket":3,"minecraft:salmon":6,"minecraft:leather":3,"minecraft:dark_oak_boat":1,"minecraft:golden_leggings":3,"minecraft:acacia_wood":2,"minecraft:flint":1,"minecraft:oak_log":26,"minecraft:ancient_debris":4,"minecraft:golden_boots":3,"minecraft:nether_wart_block":3,"minecraft:gunpowder":33,"travelersbackpack:gold_tier_upgrade":3,"minecraft:dirt":19,"minecraft:white_banner":2,"minecraft:name_tag":4,"minecraft:orange_terracotta":2,"minecraft:acacia_planks":71,"minecraft:bone":29,"minecraft:apple":20,"minecraft:red_sandstone":1,"minecraft:wheat_seeds":10,"minecraft:raw_gold":5,"minecraft:iron_ingot":64,"minecraft:fletching_table":1,"minecraft:diamond_helmet":1,"croptopia:roe":12,"minecraft:acacia_sapling":10,"minecraft:iron_sword":9,"minecraft:oak_planks":5,"minecraft:book":1,"minecraft:cooked_porkchop":1,"croptopia:apricot":7,"minecraft:music_disc_13":3,"croptopia:plum":2,"croptopia:starfruit":4,"croptopia:ginger":1,"minecraft:dandelion":1,"minecraft:gravel":10,"minecraft:sand":2,"croptopia:oat":1,"minecraft:dark_oak_log":20,"minecraft:spider_eye":1,"minecraft:cut_red_sandstone":1,"minecraft:diamond_shovel":1,"croptopia:oat_seed":2,"minecraft:diamond":18,"croptopia:orange":6,"minecraft:crossbow":2,"minecraft:diamond_axe":1,"minecraft:golden_apple":11,"minecraft:terracotta":1,"minecraft:brown_banner":1,"minecraft:piglin_banner_pattern":2,"minecraft:acacia_slab":2,"minecraft:coal":122,"minecraft:diamond_pickaxe":3},"minecraft:used":{"minecraft:flint_and_steel":2,"minecraft:bone_block":2,"croptopia:starfruit":4,"minecraft:chest":21,"minecraft:iron_sword":175,"minecraft:cooked_salmon":6,"morevanillashields:obsidian_shield":60,"minecraft:iron_chestplate":1,"minecraft:torch":6,"minecraft:dirt":10,"croptopia:broccoli":1,"minecraft:cod_bucket":6,"minecraft:diamond_helmet":1,"minecraft:golden_chestplate":2,"minecraft:obsidian":12,"minecraft:dark_oak_planks":14,"minecraft:lava_bucket":3,"minecraft:iron_axe":100,"minecraft:iron_boots":1,"minecraft:barrel":1,"minecraft:tripwire_hook":2,"minecraft:diamond_chestplate":1,"minecraft:golden_carrot":10,"minecraft:dark_oak_boat":1,"minecraft:furnace":4,"minecraft:cooked_beef":2,"minecraft:acacia_planks":45,"minecraft:iron_leggings":1,"minecraft:golden_axe":2,"croptopia:pear":8,"minecraft:golden_boots":2,"minecraft:water_bucket":90,"minecraft:baked_potato":3,"minecraft:oak_planks":1,"croptopia:apricot":1,"minecraft:diamond_axe":85,"minecraft:green_bed":2,"minecraft:white_wool":2,"minecraft:glow_berries":10,"minecraft:sand":2,"minecraft:terracotta":1,"minecraft:crafting_table":10,"minecraft:crossbow":2,"minecraft:shears":1,"croptopia:orange":6,"minecraft:oak_log":1,"croptopia:plum":2,"minecraft:lever":1,"minecraft:diamond_pickaxe":34,"minecraft:bread":31,"minecraft:string":2,"minecraft:iron_pickaxe":109,"minecraft:golden_leggings":1,"minecraft:nether_wart_block":3,"croptopia:toast":7,"minecraft:diamond_sword":87,"minecraft:cobblestone":38,"minecraft:cooked_porkchop":2,"minecraft:bucket":93,"minecraft:experience_bottle":1,"minecraft:oak_trapdoor":6},"minecraft:crafted":{"minecraft:oak_planks":80,"minecraft:barrel":1,"minecraft:tripwire_hook":2,"minecraft:dark_oak_boat":1,"minecraft:furnace":1,"croptopia:toast":12,"minecraft:lever":1,"minecraft:oak_trapdoor":2,"minecraft:flint_and_steel":1,"minecraft:diamond_helmet":1,"minecraft:iron_boots":1,"minecraft:iron_axe":1,"minecraft:cod_bucket":7,"minecraft:chest":25,"minecraft:dark_oak_planks":80,"minecraft:oak_slab":6,"minecraft:diamond_sword":1,"minecraft:emerald":32,"minecraft:cooked_porkchop":2,"minecraft:diamond_axe":1,"minecraft:crafting_table":2,"minecraft:baked_potato":3,"minecraft:iron_sword":1,"minecraft:cooked_salmon":6,"minecraft:fletching_table":1,"minecraft:bread":8,"minecraft:air":0,"minecraft:iron_chestplate":1,"morevanillashields:obsidian_shield":1,"minecraft:stick":20,"minecraft:iron_ingot":39,"minecraft:iron_pickaxe":1,"minecraft:iron_leggings":1,"minecraft:gold_ingot":32,"minecraft:acacia_planks":164,"minecraft:shears":1,"minecraft:diamond_chestplate":1},"minecraft:mined":{"minecraft:dark_oak_planks":4,"minecraft:yellow_terracotta":3,"croptopia:orange_crop":6,"minecraft:deepslate_diamond_ore":18,"croptopia:grape_crop":1,"minecraft:dark_oak_log":20,"minecraft:acacia_log":43,"minecraft:grass_block":3,"minecraft:acacia_slab":2,"minecraft:spawner":3,"minecraft:oak_trapdoor":4,"minecraft:magma_block":2,"croptopia:ginger_crop":1,"minecraft:furnace":3,"minecraft:red_sandstone":1,"minecraft:iron_ore":10,"minecraft:acacia_wood":2,"minecraft:fletching_table":1,"minecraft:gold_block":2,"minecraft:cave_vines":4,"minecraft:stripped_acacia_log":1,"minecraft:stone":31,"minecraft:green_bed":2,"croptopia:starfruit_crop":4,"minecraft:glass_pane":2,"minecraft:orange_terracotta":3,"minecraft:crafting_table":7,"minecraft:torch":2,"croptopia:oat_crop":1,"minecraft:short_grass":19,"minecraft:melon":1,"minecraft:chest":4,"minecraft:dead_bush":5,"minecraft:tall_grass":1,"minecraft:cobblestone":16,"croptopia:broccoli_crop":2,"minecraft:sugar_cane":5,"minecraft:cactus":2,"minecraft:red_terracotta":3,"minecraft:nether_wart_block":3,"croptopia:plum_crop":2,"croptopia:pear_crop":8,"croptopia:apricot_crop":8,"minecraft:oak_log":26,"minecraft:coal_ore":24,"minecraft:acacia_door":1,"minecraft:gravel":29,"minecraft:sand":2,"minecraft:dirt":3,"minecraft:cracked_stone_bricks":1,"minecraft:terracotta":2,"minecraft:acacia_planks":13,"minecraft:cut_red_sandstone":1,"minecraft:netherrack":1,"minecraft:gold_ore":5,"minecraft:oak_leaves":4,"minecraft:deepslate":12},"minecraft:killed_by":{"minecraft:piglin_brute":1,"minecraft:pillager":2,"minecraft:piglin":5,"minecraft:skeleton":1},"minecraft:custom":{"minecraft:mob_kills":77,"minecraft:interact_with_crafting_table":43,"minecraft:open_barrel":3,"minecraft:leave_game":3,"minecraft:time_since_death":22521,"minecraft:climb_one_cm":1830,"minecraft:sprint_one_cm":513959,"minecraft:walk_one_cm":419005,"minecraft:damage_blocked_by_shield":3663,"minecraft:drop":113,"minecraft:talked_to_villager":18,"minecraft:play_time":203032,"minecraft:deaths":10,"minecraft:sneak_time":4553,"minecraft:walk_under_water_one_cm":20631,"minecraft:boat_one_cm":56394,"minecraft:jump":4455,"minecraft:walk_on_water_one_cm":44557,"minecraft:total_world_time":203032,"minecraft:interact_with_furnace":44,"minecraft:traded_with_villager":39,"minecraft:interact_with_grindstone":1,"minecraft:sleep_in_bed":3,"minecraft:time_since_rest":22575,"minecraft:damage_taken":6196,"minecraft:damage_dealt":17375,"minecraft:player_kills":1,"minecraft:swim_one_cm":64085,"minecraft:fly_one_cm":830826,"minecraft:open_chest":128,"minecraft:crouch_one_cm":13628,"minecraft:fall_one_cm":122710}},"DataVersion":3953}