{"stats":{"minecraft:picked_up":{"minecraft:crafting_table":11,"minecraft:iron_chestplate":4,"minecraft:wheat":2,"minecraft:ominous_bottle":2,"croptopia:broccoli":1,"minecraft:chest_minecart":1,"morevanillashields:obsidian_shield":2,"minecraft:lead":6,"minecraft:gold_block":2,"minecraft:gilded_blackstone":3,"minecraft:string":66,"minecraft:iron_axe":5,"minecraft:cooked_salmon":4,"minecraft:flint_and_steel":2,"croptopia:pear":8,"minecraft:cracked_stone_bricks":1,"minecraft:bucket":1,"minecraft:netherite_upgrade_smithing_template":4,"minecraft:iron_nugget":22,"minecraft:poppy":2,"minecraft:iron_pickaxe":3,"minecraft:sugar_cane":16,"minecraft:chest":3,"minecraft:furnace":6,"minecraft:iron_boots":3,"minecraft:stick":11,"minecraft:raw_iron":10,"minecraft:torch":51,"minecraft:green_bed":5,"minecraft:music_disc_pigstep":3,"minecraft:golden_chestplate":2,"minecraft:dark_oak_planks":164,"croptopia:grape":2,"minecraft:arrow":126,"minecraft:cactus":9,"minecraft:armadillo_scute":2,"minecraft:saddle":3,"minecraft:gold_ingot":98,"minecraft:obsidian":79,"minecraft:bone_block":10,"minecraft:rail":6,"minecraft:cobblestone":67,"minecraft:magma_block":2,"minecraft:magma_cream":54,"minecraft:golden_carrot":2,"croptopia:broccoli_seed":1,"minecraft:water_bucket":2,"minecraft:salmon":6,"minecraft:golden_leggings":3,"minecraft:leather":2,"minecraft:dark_oak_boat":1,"minecraft:flint":1,"minecraft:oak_log":26,"minecraft:ancient_debris":4,"minecraft:golden_boots":3,"minecraft:nether_wart_block":2,"minecraft:gunpowder":33,"travelersbackpack:gold_tier_upgrade":3,"minecraft:white_banner":2,"minecraft:name_tag":4,"minecraft:orange_terracotta":2,"minecraft:bone":28,"minecraft:apple":20,"minecraft:red_sandstone":1,"minecraft:wheat_seeds":2,"minecraft:raw_gold":5,"minecraft:iron_ingot":64,"croptopia:roe":12,"minecraft:iron_sword":6,"minecraft:book":1,"croptopia:apricot":7,"minecraft:music_disc_13":3,"croptopia:plum":2,"croptopia:starfruit":4,"minecraft:gravel":10,"minecraft:sand":2,"minecraft:dark_oak_log":20,"minecraft:spider_eye":1,"minecraft:cut_red_sandstone":1,"minecraft:diamond_shovel":1,"minecraft:diamond":18,"croptopia:orange":6,"minecraft:crossbow":2,"minecraft:golden_apple":11,"minecraft:terracotta":1,"minecraft:piglin_banner_pattern":2,"minecraft:coal":122,"minecraft:diamond_pickaxe":2},"minecraft:used":{"minecraft:flint_and_steel":1,"minecraft:bone_block":2,"croptopia:starfruit":4,"minecraft:chest":13,"minecraft:iron_sword":173,"morevanillashields:obsidian_shield":46,"minecraft:cooked_salmon":6,"minecraft:iron_chestplate":1,"minecraft:torch":6,"croptopia:broccoli":1,"minecraft:golden_chestplate":2,"minecraft:obsidian":2,"minecraft:dark_oak_planks":14,"minecraft:lava_bucket":3,"minecraft:iron_axe":100,"minecraft:iron_boots":1,"minecraft:golden_carrot":10,"minecraft:dark_oak_boat":1,"minecraft:furnace":4,"croptopia:pear":8,"minecraft:golden_axe":2,"minecraft:golden_boots":2,"minecraft:water_bucket":75,"minecraft:baked_potato":3,"croptopia:apricot":1,"minecraft:green_bed":2,"minecraft:glow_berries":10,"minecraft:sand":2,"minecraft:terracotta":1,"minecraft:crafting_table":9,"minecraft:crossbow":2,"croptopia:orange":6,"minecraft:oak_log":1,"croptopia:plum":2,"minecraft:diamond_pickaxe":31,"minecraft:bread":31,"minecraft:iron_pickaxe":109,"minecraft:golden_leggings":1,"minecraft:nether_wart_block":2,"minecraft:cobblestone":38,"minecraft:cooked_porkchop":1,"minecraft:bucket":79,"minecraft:experience_bottle":1},"minecraft:crafted":{"minecraft:oak_planks":52,"minecraft:dark_oak_boat":1,"minecraft:furnace":1,"croptopia:toast":9,"minecraft:flint_and_steel":1,"minecraft:iron_boots":1,"minecraft:iron_axe":1,"minecraft:chest":10,"minecraft:dark_oak_planks":80,"minecraft:crafting_table":1,"minecraft:baked_potato":3,"minecraft:iron_sword":1,"minecraft:cooked_salmon":6,"minecraft:bread":8,"minecraft:air":0,"minecraft:iron_chestplate":1,"morevanillashields:obsidian_shield":1,"minecraft:iron_pickaxe":1,"minecraft:iron_ingot":39,"minecraft:gold_ingot":32},"minecraft:killed":{"minecraft:armadillo":1,"minecraft:cave_spider":3,"minecraft:spider":3,"minecraft:skeleton":5,"minecraft:piglin":3,"minecraft:zombie_villager":1,"minecraft:salmon":6,"minecraft:iron_golem":2,"minecraft:creeper":1,"minecraft:pillager":9,"minecraft:zombie":15},"minecraft:dropped":{"minecraft:bread":7,"minecraft:golden_boots":2,"minecraft:iron_ingot":17,"minecraft:wheat_seeds":2,"minecraft:golden_helmet":1,"minecraft:crafting_table":1,"minecraft:apple":5,"minecraft:chest_minecart":1,"minecraft:cracked_stone_bricks":1,"minecraft:activator_rail":3,"croptopia:grape":1,"minecraft:coal":12,"croptopia:apricot":6,"minecraft:cobweb":5,"minecraft:gilded_blackstone":3,"minecraft:armadillo_scute":1,"minecraft:white_banner":2,"minecraft:dark_oak_planks":17,"minecraft:bone":15,"minecraft:gravel":10,"minecraft:iron_nugget":33,"minecraft:golden_chestplate":2,"minecraft:wheat":2,"minecraft:oak_planks":4,"minecraft:iron_boots":1,"minecraft:poppy":2,"croptopia:broccoli_seed":1,"minecraft:spider_eye":1},"minecraft:mined":{"minecraft:dark_oak_planks":4,"minecraft:yellow_terracotta":1,"croptopia:orange_crop":6,"minecraft:deepslate_diamond_ore":18,"croptopia:grape_crop":1,"minecraft:dark_oak_log":20,"minecraft:spawner":3,"minecraft:magma_block":2,"minecraft:furnace":3,"minecraft:red_sandstone":1,"minecraft:iron_ore":10,"minecraft:gold_block":2,"minecraft:cave_vines":4,"minecraft:stone":30,"minecraft:green_bed":2,"croptopia:starfruit_crop":4,"minecraft:glass_pane":2,"minecraft:orange_terracotta":3,"minecraft:crafting_table":7,"minecraft:torch":2,"minecraft:short_grass":4,"minecraft:chest":4,"minecraft:dead_bush":5,"croptopia:broccoli_crop":1,"minecraft:cobblestone":16,"minecraft:sugar_cane":5,"minecraft:red_terracotta":3,"minecraft:cactus":2,"minecraft:nether_wart_block":2,"croptopia:plum_crop":2,"croptopia:pear_crop":8,"croptopia:apricot_crop":8,"minecraft:oak_log":26,"minecraft:coal_ore":24,"minecraft:gravel":29,"minecraft:sand":2,"minecraft:cracked_stone_bricks":1,"minecraft:terracotta":2,"minecraft:cut_red_sandstone":1,"minecraft:netherrack":1,"minecraft:gold_ore":5,"minecraft:oak_leaves":4,"minecraft:deepslate":12},"minecraft:killed_by":{"minecraft:piglin_brute":1,"minecraft:pillager":2,"minecraft:piglin":5,"minecraft:skeleton":1},"minecraft:custom":{"minecraft:mob_kills":50,"minecraft:interact_with_crafting_table":20,"minecraft:open_barrel":3,"minecraft:leave_game":2,"minecraft:time_since_death":44704,"minecraft:climb_one_cm":1830,"minecraft:sprint_one_cm":438849,"minecraft:walk_one_cm":334000,"minecraft:damage_blocked_by_shield":2595,"minecraft:drop":40,"minecraft:talked_to_villager":10,"minecraft:play_time":160456,"minecraft:deaths":9,"minecraft:sneak_time":3540,"minecraft:walk_under_water_one_cm":20322,"minecraft:boat_one_cm":56394,"minecraft:jump":3737,"minecraft:walk_on_water_one_cm":25669,"minecraft:total_world_time":160456,"minecraft:interact_with_furnace":35,"minecraft:interact_with_grindstone":1,"minecraft:sleep_in_bed":2,"minecraft:time_since_rest":2385,"minecraft:damage_taken":5103,"minecraft:damage_dealt":11332,"minecraft:swim_one_cm":64085,"minecraft:fly_one_cm":701955,"minecraft:open_chest":82,"minecraft:crouch_one_cm":10006,"minecraft:fall_one_cm":97633}},"DataVersion":3953}