{"stats":{"minecraft:custom":{"minecraft:interact_with_furnace":13,"minecraft:mob_kills":16,"minecraft:interact_with_crafting_table":9,"minecraft:leave_game":1,"minecraft:time_since_death":13786,"minecraft:time_since_rest":13845,"minecraft:sprint_one_cm":190792,"minecraft:damage_taken":1172,"minecraft:walk_one_cm":162293,"minecraft:drop":7,"minecraft:damage_dealt":2898,"minecraft:swim_one_cm":38426,"minecraft:talked_to_villager":3,"minecraft:fly_one_cm":256259,"minecraft:open_chest":10,"minecraft:crouch_one_cm":3704,"minecraft:play_time":72460,"minecraft:deaths":1,"minecraft:sneak_time":1037,"minecraft:walk_under_water_one_cm":9425,"minecraft:boat_one_cm":56394,"minecraft:jump":1510,"minecraft:walk_on_water_one_cm":12805,"minecraft:total_world_time":72460,"minecraft:fall_one_cm":42993},"minecraft:picked_up":{"minecraft:iron_chestplate":1,"minecraft:crafting_table":5,"minecraft:wheat":2,"minecraft:chest_minecart":1,"minecraft:salmon":6,"minecraft:dark_oak_boat":1,"minecraft:lead":2,"minecraft:gold_block":2,"minecraft:gunpowder":17,"travelersbackpack:gold_tier_upgrade":1,"minecraft:string":8,"minecraft:iron_axe":1,"minecraft:cooked_salmon":4,"minecraft:name_tag":2,"minecraft:orange_terracotta":2,"croptopia:pear":8,"minecraft:bone":13,"minecraft:apple":5,"minecraft:cracked_stone_bricks":1,"minecraft:red_sandstone":1,"minecraft:bucket":1,"minecraft:raw_gold":5,"minecraft:iron_ingot":3,"minecraft:poppy":2,"minecraft:iron_pickaxe":1,"croptopia:roe":12,"minecraft:sugar_cane":16,"minecraft:iron_sword":1,"minecraft:iron_boots":1,"minecraft:furnace":3,"minecraft:book":1,"minecraft:stick":11,"minecraft:raw_iron":8,"croptopia:apricot":7,"minecraft:music_disc_13":1,"croptopia:plum":2,"minecraft:torch":13,"minecraft:green_bed":2,"minecraft:sand":2,"minecraft:dark_oak_log":20,"minecraft:spider_eye":1,"minecraft:dark_oak_planks":126,"minecraft:cut_red_sandstone":1,"minecraft:cactus":9,"croptopia:orange":6,"minecraft:armadillo_scute":2,"minecraft:golden_apple":3,"minecraft:gold_ingot":10,"minecraft:saddle":1,"minecraft:terracotta":1,"minecraft:obsidian":7,"minecraft:coal":74,"minecraft:rail":6,"minecraft:cobblestone":59},"minecraft:crafted":{"minecraft:dark_oak_boat":1,"minecraft:crafting_table":1,"minecraft:baked_potato":3,"minecraft:iron_sword":1,"minecraft:furnace":1,"minecraft:cooked_salmon":6,"minecraft:bread":8,"minecraft:air":0,"minecraft:iron_boots":1,"minecraft:iron_chestplate":1,"minecraft:iron_axe":1,"minecraft:iron_ingot":8,"minecraft:iron_pickaxe":1,"minecraft:gold_ingot":14,"minecraft:dark_oak_planks":80},"minecraft:killed_by":{"minecraft:skeleton":1},"minecraft:used":{"minecraft:water_bucket":17,"minecraft:baked_potato":3,"croptopia:apricot":1,"minecraft:iron_sword":9,"minecraft:cooked_salmon":6,"minecraft:iron_chestplate":1,"minecraft:torch":1,"minecraft:glow_berries":10,"minecraft:sand":2,"minecraft:terracotta":1,"minecraft:crafting_table":4,"croptopia:orange":4,"croptopia:plum":2,"minecraft:dark_oak_planks":6,"minecraft:lava_bucket":2,"minecraft:iron_axe":57,"minecraft:bread":10,"minecraft:iron_pickaxe":102,"minecraft:iron_boots":1,"minecraft:cobblestone":25,"minecraft:dark_oak_boat":1,"minecraft:furnace":2,"minecraft:bucket":19},"minecraft:dropped":{"minecraft:chest_minecart":1,"minecraft:cracked_stone_bricks":1,"minecraft:activator_rail":3,"minecraft:cobweb":5,"minecraft:poppy":2,"minecraft:spider_eye":1},"minecraft:killed":{"minecraft:armadillo":1,"minecraft:cave_spider":3,"minecraft:salmon":6,"minecraft:iron_golem":1,"minecraft:creeper":1,"minecraft:zombie":4},"minecraft:mined":{"minecraft:dark_oak_planks":1,"croptopia:orange_crop":6,"minecraft:orange_terracotta":3,"minecraft:dark_oak_log":20,"minecraft:crafting_table":3,"minecraft:dead_bush":5,"minecraft:cobblestone":16,"minecraft:sugar_cane":5,"minecraft:spawner":3,"minecraft:red_terracotta":3,"minecraft:cactus":2,"minecraft:magma_block":1,"minecraft:furnace":2,"croptopia:plum_crop":2,"minecraft:red_sandstone":1,"minecraft:iron_ore":8,"croptopia:pear_crop":8,"minecraft:gold_block":2,"croptopia:apricot_crop":8,"minecraft:coal_ore":24,"minecraft:cave_vines":4,"minecraft:sand":2,"minecraft:cracked_stone_bricks":1,"minecraft:terracotta":2,"minecraft:cut_red_sandstone":1,"minecraft:stone":30,"minecraft:gold_ore":5,"minecraft:green_bed":1}},"DataVersion":3953}