{"stats":{"minecraft:custom":{"minecraft:interact_with_furnace":3,"minecraft:mob_kills":13,"minecraft:interact_with_crafting_table":4,"minecraft:leave_game":1,"minecraft:time_since_death":48460,"minecraft:time_since_rest":48460,"minecraft:sprint_one_cm":130779,"minecraft:damage_taken":525,"minecraft:walk_one_cm":99657,"minecraft:drop":3,"minecraft:damage_dealt":2448,"minecraft:swim_one_cm":25651,"minecraft:talked_to_villager":3,"minecraft:fly_one_cm":154365,"minecraft:open_chest":7,"minecraft:crouch_one_cm":3348,"minecraft:play_time":48460,"minecraft:sneak_time":901,"minecraft:walk_under_water_one_cm":7915,"minecraft:jump":985,"minecraft:walk_on_water_one_cm":6426,"minecraft:total_world_time":48460,"minecraft:fall_one_cm":28301},"minecraft:picked_up":{"minecraft:crafting_table":2,"minecraft:chest_minecart":1,"minecraft:salmon":3,"minecraft:gunpowder":1,"minecraft:string":2,"minecraft:orange_terracotta":2,"minecraft:red_sandstone":1,"minecraft:raw_gold":5,"minecraft:iron_ingot":3,"minecraft:poppy":2,"croptopia:roe":4,"minecraft:sugar_cane":8,"minecraft:stick":7,"minecraft:raw_iron":8,"minecraft:green_bed":1,"minecraft:sand":2,"minecraft:dark_oak_log":20,"minecraft:spider_eye":1,"minecraft:dark_oak_planks":1,"minecraft:cut_red_sandstone":1,"minecraft:cactus":4,"minecraft:armadillo_scute":1,"minecraft:terracotta":1,"minecraft:coal":24,"minecraft:cobblestone":32},"minecraft:crafted":{"minecraft:crafting_table":1,"minecraft:baked_potato":1,"minecraft:furnace":1,"minecraft:bread":8,"minecraft:air":0,"minecraft:iron_axe":1,"minecraft:iron_pickaxe":1,"minecraft:dark_oak_planks":80},"minecraft:used":{"minecraft:water_bucket":9,"minecraft:baked_potato":1,"minecraft:glow_berries":10,"minecraft:sand":2,"minecraft:terracotta":1,"minecraft:crafting_table":3,"minecraft:dark_oak_planks":6,"minecraft:iron_axe":55,"minecraft:bread":10,"minecraft:iron_pickaxe":81,"minecraft:cobblestone":11,"minecraft:furnace":1,"minecraft:bucket":10},"minecraft:dropped":{"minecraft:poppy":2,"minecraft:spider_eye":1},"minecraft:killed":{"minecraft:armadillo":1,"minecraft:cave_spider":2,"minecraft:salmon":6,"minecraft:iron_golem":1,"minecraft:creeper":1,"minecraft:zombie":2},"minecraft:mined":{"minecraft:dark_oak_planks":1,"minecraft:orange_terracotta":3,"minecraft:dark_oak_log":20,"minecraft:crafting_table":1,"minecraft:dead_bush":5,"minecraft:cobblestone":3,"minecraft:sugar_cane":5,"minecraft:spawner":2,"minecraft:red_terracotta":3,"minecraft:cactus":2,"minecraft:red_sandstone":1,"minecraft:iron_ore":8,"minecraft:coal_ore":24,"minecraft:cave_vines":4,"minecraft:sand":2,"minecraft:terracotta":2,"minecraft:cut_red_sandstone":1,"minecraft:stone":29,"minecraft:gold_ore":5,"minecraft:green_bed":1}},"DataVersion":3953}