{"stats":{"minecraft:custom":{"minecraft:interact_with_furnace":13,"minecraft:mob_kills":14,"minecraft:interact_with_crafting_table":8,"minecraft:leave_game":1,"minecraft:time_since_death":1786,"minecraft:time_since_rest":1845,"minecraft:sprint_one_cm":163719,"minecraft:damage_taken":923,"minecraft:walk_one_cm":113583,"minecraft:drop":6,"minecraft:damage_dealt":2568,"minecraft:swim_one_cm":34961,"minecraft:talked_to_villager":3,"minecraft:fly_one_cm":207183,"minecraft:open_chest":8,"minecraft:crouch_one_cm":3423,"minecraft:play_time":60460,"minecraft:deaths":1,"minecraft:sneak_time":955,"minecraft:walk_under_water_one_cm":8174,"minecraft:jump":1241,"minecraft:walk_on_water_one_cm":8111,"minecraft:total_world_time":60460,"minecraft:fall_one_cm":36014},"minecraft:picked_up":{"minecraft:crafting_table":3,"minecraft:chest_minecart":1,"minecraft:salmon":6,"minecraft:gunpowder":1,"minecraft:string":4,"minecraft:orange_terracotta":2,"minecraft:red_sandstone":1,"minecraft:raw_gold":5,"minecraft:iron_ingot":3,"minecraft:poppy":2,"croptopia:roe":6,"minecraft:sugar_cane":8,"minecraft:furnace":2,"minecraft:stick":7,"minecraft:raw_iron":8,"minecraft:green_bed":1,"minecraft:sand":2,"minecraft:dark_oak_log":20,"minecraft:spider_eye":1,"minecraft:dark_oak_planks":61,"minecraft:cut_red_sandstone":1,"minecraft:cactus":4,"minecraft:armadillo_scute":1,"minecraft:terracotta":1,"minecraft:coal":49,"minecraft:cobblestone":32},"minecraft:crafted":{"minecraft:crafting_table":1,"minecraft:baked_potato":3,"minecraft:iron_sword":1,"minecraft:furnace":1,"minecraft:cooked_salmon":6,"minecraft:bread":8,"minecraft:air":0,"minecraft:iron_boots":1,"minecraft:iron_chestplate":1,"minecraft:iron_axe":1,"minecraft:iron_ingot":8,"minecraft:iron_pickaxe":1,"minecraft:gold_ingot":5,"minecraft:dark_oak_planks":80},"minecraft:killed_by":{"minecraft:skeleton":1},"minecraft:used":{"minecraft:water_bucket":13,"minecraft:baked_potato":3,"minecraft:iron_sword":3,"minecraft:cooked_salmon":2,"minecraft:iron_chestplate":1,"minecraft:glow_berries":10,"minecraft:sand":2,"minecraft:terracotta":1,"minecraft:crafting_table":3,"minecraft:dark_oak_planks":6,"minecraft:iron_axe":56,"minecraft:bread":10,"minecraft:iron_pickaxe":84,"minecraft:iron_boots":1,"minecraft:cobblestone":11,"minecraft:furnace":2,"minecraft:bucket":13},"minecraft:dropped":{"minecraft:chest_minecart":1,"minecraft:activator_rail":3,"minecraft:cobweb":5,"minecraft:poppy":2,"minecraft:spider_eye":1},"minecraft:killed":{"minecraft:armadillo":1,"minecraft:cave_spider":3,"minecraft:salmon":6,"minecraft:iron_golem":1,"minecraft:creeper":1,"minecraft:zombie":2},"minecraft:mined":{"minecraft:dark_oak_planks":1,"minecraft:orange_terracotta":3,"minecraft:dark_oak_log":20,"minecraft:crafting_table":2,"minecraft:dead_bush":5,"minecraft:cobblestone":3,"minecraft:sugar_cane":5,"minecraft:spawner":3,"minecraft:red_terracotta":3,"minecraft:cactus":2,"minecraft:furnace":2,"minecraft:red_sandstone":1,"minecraft:iron_ore":8,"minecraft:coal_ore":24,"minecraft:cave_vines":4,"minecraft:sand":2,"minecraft:terracotta":2,"minecraft:cut_red_sandstone":1,"minecraft:stone":29,"minecraft:gold_ore":5,"minecraft:green_bed":1}},"DataVersion":3953}