{"stats":{"minecraft:mined":{"minecraft:dark_oak_planks":1,"minecraft:red_terracotta":3,"minecraft:cactus":2,"minecraft:red_sandstone":1,"minecraft:iron_ore":8,"minecraft:orange_terracotta":3,"minecraft:dark_oak_log":20,"minecraft:crafting_table":1,"minecraft:cave_vines":4,"minecraft:coal_ore":24,"minecraft:dead_bush":5,"minecraft:sand":2,"minecraft:cobblestone":3,"minecraft:terracotta":2,"minecraft:cut_red_sandstone":1,"minecraft:stone":29,"minecraft:sugar_cane":5,"minecraft:gold_ore":5,"minecraft:green_bed":1,"minecraft:spawner":2},"minecraft:killed":{"minecraft:cave_spider":2,"minecraft:zombie":2,"minecraft:iron_golem":1},"minecraft:picked_up":{"minecraft:raw_iron":8,"minecraft:stick":7,"minecraft:crafting_table":2,"minecraft:chest_minecart":1,"minecraft:green_bed":1,"minecraft:sand":2,"minecraft:spider_eye":1,"minecraft:string":2,"minecraft:dark_oak_log":20,"minecraft:dark_oak_planks":1,"minecraft:cut_red_sandstone":1,"minecraft:orange_terracotta":2,"minecraft:cactus":4,"minecraft:red_sandstone":1,"minecraft:raw_gold":5,"minecraft:iron_ingot":3,"minecraft:poppy":2,"minecraft:terracotta":1,"minecraft:sugar_cane":8,"minecraft:coal":24,"minecraft:cobblestone":32},"minecraft:used":{"minecraft:water_bucket":9,"minecraft:dark_oak_planks":6,"minecraft:iron_axe":46,"minecraft:bread":10,"minecraft:iron_pickaxe":81,"minecraft:glow_berries":10,"minecraft:terracotta":1,"minecraft:sand":2,"minecraft:cobblestone":11,"minecraft:crafting_table":2,"minecraft:bucket":10},"minecraft:crafted":{"minecraft:iron_axe":1,"minecraft:crafting_table":1,"minecraft:iron_pickaxe":1,"minecraft:dark_oak_planks":80,"minecraft:bread":8},"minecraft:custom":{"minecraft:time_since_rest":43243,"minecraft:sprint_one_cm":126859,"minecraft:damage_taken":525,"minecraft:walk_one_cm":64343,"minecraft:mob_kills":5,"minecraft:drop":2,"minecraft:damage_dealt":1948,"minecraft:swim_one_cm":16027,"minecraft:interact_with_crafting_table":3,"minecraft:talked_to_villager":3,"minecraft:fly_one_cm":144936,"minecraft:open_chest":7,"minecraft:crouch_one_cm":3338,"minecraft:play_time":43243,"minecraft:sneak_time":813,"minecraft:walk_under_water_one_cm":1723,"minecraft:jump":901,"minecraft:leave_game":1,"minecraft:walk_on_water_one_cm":5542,"minecraft:time_since_death":43243,"minecraft:total_world_time":43243,"minecraft:fall_one_cm":26838},"minecraft:dropped":{"minecraft:poppy":2}},"DataVersion":3953}